CHROM	POS2	ID	REF	ALT	BETA	SE	LOG10P	AF
1	10547263	rs6540933	C	T	-0.00155676	0.00140324	0.568636	0.687874
1	10547484	rs56678008	G	C	0.00623114	0.0155276	0.161151	0.00181
1	10547687	rs1188528	G	A	-0.00164169	0.001401	0.619789	0.685895
1	10548494	rs141624630	G	A	0.00447906	0.00516551	0.408935	0.016524
1	10549285	rs58718134	G	A	0.00184566	0.0204179	0.0315171	0.001073
1	10549380	rs670666	A	G	-0.0080265	0.00129717	9.21467	0.506858
1	10549628	rs585870	C	A	-0.00165406	0.00140213	0.619789	0.687106
1	10549848	rs1188526	G	C	-0.0015786	0.00140301	0.585027	0.687947
1	10550352	rs673254	C	T	-0.00799109	0.00129702	9.14267	0.506761
1	10550877	rs1188525	A	G	-0.00156954	0.00140298	0.585027	0.687955
1	10551264	rs536717752	A	T	2.80384e-05	0.0172122	-0	0.001525
1	10551365	rs147964123	C	G	-0.00147577	0.0065033	0.0861861	0.010339
1	10552557	rs61444537	A	G	0.00333179	0.0206337	0.0604807	0.001048
1	10552718	rs4846228	C	T	0.0116028	0.00172089	10.7959	0.17234
1	10553148	rs6697070	C	T	0.00115671	0.0209415	0.0177288	0.001047
1	10553312	rs182372698	G	A	0.00202337	0.0109943	0.0705811	0.003672
1	10553912	rs527553423	G	A	-0.00335681	0.0123877	0.102373	0.002954
1	10554505	rs597438	A	G	-0.00137033	0.001401	0.481486	0.686305
1	10554709	rs596537	G	T	-0.00141546	0.00139902	0.508638	0.684413
1	10554794	rs620405	T	C	-0.00138062	0.00139988	0.49485	0.68527
1	10554794	rs620405	T	G	-0.00351242	0.00363697	0.481486	0.05719
1	10555257	rs622623	C	T	-0.00140649	0.00139907	0.508638	0.684418
1	10556097	rs636291	G	A	-0.00115626	0.00138924	0.387216	0.672822
1	10556178	rs2480788	G	A	0.00258002	0.0205099	0.0457575	0.001064
1	10556386	rs10127643	C	T	-0.000982166	0.00569423	0.0655015	0.013294
1	10556447	rs648324	G	T	-0.00132727	0.00140119	0.468521	0.686217
1	10556485	rs648399	T	C	-0.00135007	0.00140005	0.481486	0.685217
1	10556534	rs114843026	C	T	0.0101704	0.0045994	1.56864	0.020225
1	10556833	rs552834826	A	C	-0.0148346	0.00933539	0.958607	0.005791
1	10557251	rs662064	T	C	-0.00133078	0.00139986	0.468521	0.685221
1	10557323	rs2506881	C	T	0.00364765	0.0207076	0.0655015	0.001045
1	10557544	rs660725	A	G	-0.00128391	0.00139989	0.443698	0.685228
1	10558210	rs647281	G	A	-0.000142374	0.00251386	0.0222764	0.071682
1	10558544	rs74994354	C	T	0.00432754	0.00580664	0.337242	0.012879
1	10559598	rs585406	C	T	-0.00699142	0.00130607	7.0655	0.501511
1	10559711	rs145427048	G	A	-0.00314255	0.00488313	0.283997	0.021112
1	10560044	rs78689195	G	C	0.00365579	0.00586043	0.275724	0.012648
1	10560988	rs74810178	A	G	0.0107611	0.00172321	9.37675	0.172163
1	10561282	rs589400	A	G	0.00135238	0.00140007	0.481486	0.314512
1	10561463	rs2483676	T	C	-0.00142725	0.00775861	0.0705811	0.992766
1	10561923	rs1632108	C	T	0.00121863	0.00139983	0.420216	0.314487
1	10561954	rs683864	T	C	0.00119337	0.00139976	0.408935	0.314495
1	10562137	rs138673430	A	G	-0.00811852	0.00765445	0.537602	0.007646
1	10562163	rs76282123	C	T	0.0107516	0.00172252	9.36653	0.172201
1	10562180	rs115276734	G	A	-0.00402141	0.00593823	0.30103	0.012293
1	10562753	rs779060835	G	A	0.0110989	0.0171719	0.283997	0.001532
1	10563492	rs2506901	A	G	0.00116646	0.0013974	0.39794	0.314722
1	10563609	rs10864459	A	G	-0.00116208	0.00138952	0.39794	0.678068
1	10563634	rs78914202	T	C	-0.0151459	0.014314	0.537602	0.002228
1	10563671	rs10864460	G	C	-0.00147856	0.00143468	0.522879	0.709498
1	10563681	rs2506902	C	T	0.00141097	0.00144572	0.481486	0.283122
1	10563717	rs2781230	G	A	0.00144177	0.00144554	0.49485	0.283096
1	10563935	rs2186949	C	T	-0.00712869	0.00130133	7.36653	0.50217
1	10564509	rs141441945	C	T	-0.0128023	0.00895989	0.823909	0.005752
1	10564675	rs2847344	G	A	-0.000879617	0.0013929	0.275724	0.679143
1	10564829	rs6668910	C	T	0.00186177	0.00756184	0.091515	0.007679
1	10564909	rs12073943	T	C	-0.00698215	0.0013024	7.08092	0.501229
1	10565023	rs150423797	G	A	-0.00107309	0.00693427	0.0555173	0.010227
1	10565343	rs61192982	C	T	0.0121134	0.00187489	10	0.140805
1	10565372	rs2480787	G	A	-0.010497	0.00169509	9.22915	0.820539
1	10565488	rs1755594	C	T	-0.001434	0.00135347	0.537602	0.628115
1	10565947	rs1755592	A	C	-0.00739776	0.00130056	7.88606	0.50148
1	10566095	rs2506878	C	A	-0.0108219	0.00169247	9.79588	0.81934
1	10566148	rs7543322	T	C	0.00836541	0.00130453	9.85387	0.475119
1	10566215	rs616488	A	G	0.00077899	0.00137348	0.244125	0.344512
1	10566272	rs616402	C	T	0.00120568	0.00139543	0.408935	0.318558
1	10566485	rs549483282	G	A	-0.0152167	0.00579592	2.06048	0.013155
1	10566522	rs617728	C	T	0.00118075	0.00139443	0.39794	0.318811
1	10566668	rs2506879	A	G	-0.0122721	0.00178058	11.2596	0.841807
1	10566828	rs17412703	C	T	9.17123e-05	0.00239454	0.0132283	0.080646
1	10567058	rs602601	C	T	-0.00756096	0.00130076	8.21467	0.522758
1	10567122	rs604814	G	A	-0.00757122	0.00130072	8.22915	0.522795
1	10567208	rs604369	C	A	-0.00760722	0.00129907	8.3279	0.512445
1	10567365	rs116092867	C	T	0.00539771	0.00519666	0.522879	0.016362
1	10567658	rs2480786	C	T	-0.0122373	0.00177964	11.2147	0.841724
1	10567711	rs589151	C	T	-0.00757854	0.00129915	8.26761	0.51593
1	10567745	rs539464331	T	G	0.0187929	0.00750885	1.92082	0.008163
1	10568140	rs79776554	C	T	-0.00174745	0.00613299	0.107905	0.011295
1	10568277	rs2506880	T	G	0.00121791	0.00139407	0.420216	0.318804
1	10569025	rs578173508	G	T	0.0105174	0.0162078	0.283997	0.001743
1	10569113	rs146392642	C	G	-0.00142678	0.003086	0.19382	0.051911
1	10569199	rs55738036	G	C	-0.00951849	0.00609451	0.920819	0.01249
1	10569258	rs2480785	G	A	0.00117228	0.00139471	0.39794	0.318094
1	10569703	rs114426610	C	T	-0.00694687	0.00958923	0.327902	0.005451
1	10569930	rs6540934	C	T	0.00233798	0.0065457	0.142668	0.010216
1	10570449	rs371669873	T	C	-0.00772661	0.00949481	0.376751	0.005541
1	10570559	rs142286526	C	G	-0.00383648	0.00623879	0.267606	0.011775
1	10570721	rs2480784	G	A	7.21428e-05	0.00249932	0.00877392	0.072554
1	10570931	rs145572083	A	T	-0.00128767	0.00573258	0.0861861	0.013068
1	10571841	rs6540935	C	A	0.00245987	0.00654758	0.148742	0.010148
1	10572083	rs142020459	C	G	-0.0110094	0.00386896	2.35655	0.029884
1	10572540	rs114212862	G	A	0.0108656	0.0171277	0.275724	0.001498
1	10572967	rs12129512	G	T	0.00135526	0.00151542	0.431798	0.242495
1	10573867	rs2274985	G	A	-0.00752224	0.00129852	8.16115	0.512742
1	10574677	rs11587326	C	T	-0.00122124	0.00199303	0.267606	0.121593
1	10575910	rs79317148	A	G	-0.00706706	0.00477932	0.853872	0.018756
1	10577219	rs144598195	G	A	-0.00356117	0.00695647	0.21467	0.010099
1	10578606	rs7419116	G	A	-0.00751814	0.00129976	8.13668	0.521716
1	10578791	rs11584327	T	C	-0.00757931	0.00129847	8.27572	0.512814
